['Product Name'],['Rating'],['Link']
American Tourister 32 Ltrs Grey Casual Backpack (AMT FIZZ SCH BAG 02 - GREY),4.1 out of 5 stars,/American-Tourister-AMT-SCH-02/dp/B07CJCGBVC
Skybags Brat Black 46 Cms Casual Backpack,4.1 out of 5 stars,/Skybags-Brat-Black-Casual-Backpack/dp/B08Z1HHHTD
"TRUE HUMAN Emperor Anti-Theft backpack With USB charging Port ( LEGEND ) and anti -theft back pocket Laptop bag ,office bag college bags",3.8 out of 5 stars,/TRUE-HUMAN-Anti-Theft-backpack-charging/dp/B09QJ7ZF2Y
Wesley Milestone 2.0 15.6 inch 30 L Casual Waterproof Laptop Backpack/Office Bag/School Bag/College Bag/Business Bag/Unisex Travel Backpack (Blue and Black),3.8 out of 5 stars,/Kuber-Industries-Handcrafted-Embroidered-Handbag/dp/B082VDVJGM
Martucci 15.6 inch 30 L Casual Waterproof Laptop Backpack/Office Bag/School Bag/College Bag/Business Bag/Unisex Travel Backpack(Black),3.9 out of 5 stars,/Fiesto-Fashion-Womens-Handbag-FIESTO33_Blue/dp/B082Z33ZDS
Martucci Large 35 L Laptop Backpack Spacy Unisex Laptop/College/School/Travel Backpack with Rain Cover and Reflective Strip,4.3 out of 5 stars,/ADISA-women-girls-black-embroided/dp/B08RWBP3H2
"Mi Step Out 12 L Mini Backpack (Small Size, Black, Water Repellant)",4.2 out of 5 stars,/Lapis-Lupo-Flower-Embroidery-Handbag/dp/B07RXYSJHF
"Bennett Mystic 15.6 inch(39.6cm) Laptop Shoulder Messenger Sling Office Bag, Water Repellent Fabric for Men and Women (Blue)",4.3 out of 5 stars,/Wesley-Milestone-Waterproof-Backpack-Business/dp/B084JGJ8PF
AirCase 13 Inch/ 14 Inch/15.6 Inch Premium Vegan Leather Laptop Backpack for Men & Women,4.0 out of 5 stars,/Martucci-Casual-Travelling-Laptop-Backpack/dp/B088B4P6ZW
Half Moon 30L Waterproof 15.6 inch Laptop Office School College Bag Backpack for Men Women Boys & Girls,4.3 out of 5 stars,/Martucci-Backpack-College-Reflective-Airport/dp/B0B7DVC3TL
"Wesley Milestone Casual Waterproof Laptop Backpack/Office Bag/School Bag/College Bag/Business Bag/Unisex Travel Backpack (Compatible with 15.6 inch Laptop) 30 L, Charcoal Black",4.1 out of 5 stars,/Backpack-Small-Black-Water-Repellant/dp/B088XB5XY8
DEIN KLEIDER Men's Nylon Messenger Bag,4.0 out of 5 stars,/Bennett-Mystic-Shoulder-Messenger-Repellent/dp/B08X2T2M8G
F Gear Luxur Brown 25 liter Laptop Backpack (2404),4.0 out of 5 stars,/AirCase-C34-Laptop-Backpack-Women/dp/B07QN4KXWG
Hammonds Flycatcher Original Bombay Brown Leather Laptop Messenger Bag for Laptop/MacBook up to 15.6 inch|Padded Laptop Compartment|Office Bag,3.7 out of 5 stars,/Half-Moon-Waterproof-Laptop-Backpack/dp/B09QM9N1B3
Wesley Spartan Unisex Travel Hiking Laptop Bag fits Upto 17.3 inch with Raincover and Internal Organiser Backpack Rucksack College Bag,5.0 out of 5 stars,/Amazon-Brand-Solimo-Large-Duffel/dp/B09YH62Q3C
"TRUE HUMAN Emperor ( ZYDEN ) Anti-Theft backpack with combination lock Laptop bag , office bag college bags",4.1 out of 5 stars,/AmazonBasics-Casual-Backpack-Office-15-6-inch/dp/B09W4VMZ79
"Safari Spartan 21 Ltrs Water Resistant Backpack - Blue, S (SPARTAN19CBBLU)",3.9 out of 5 stars,/Safari-Spartan-Water-Resistant-Backpack/dp/B09B26MB5M
TRUE HUMAN Anti-Theft and USB Charging Port Backpack with Combination Lock Laptop Bag (Grey),3.8 out of 5 stars,/TRUE-HUMAN-Anti-Theft-charging-combination/dp/B09H7PK5ML
Half Moon Curiosity 35L Travel Laptop College School Backpack Water Resistant Slim Durable Fits 15.6 Inch Laptop Notebook with Rain cover (Navy Blue),3.8 out of 5 stars,/Half-Moon-Curiosity-Backpack-Resistant/dp/B09S3ZK3N1
Sfane Polyester 23 Cms Duffle Bag(BG - 05 HALF BLACK LT SHOE COMPTT_ Grey),4.3 out of 5 stars,/SFANE-Duffel-Shoulder-Women-Compartment/dp/B07XXFB9CZ
"TRUE HUMAN backpack with USB charging Port Laptop bag , office bag , college bag ( COOPER )",3.7 out of 5 stars,/TRUE-HUMAN-backpack-charging-college/dp/B0BKTQ48D5
Gear CarryOn 16L Foldable Water Resistant School Bag//Backpack/College Bag for Men/Women - Blue Black,4.5 out of 5 stars,/GEAR-Black-Blue-Backpack-years/dp/B019HA8AYG
Safari Seek 45 Ltrs Overnighter Expandable Travel Laptop Backpack,4.4 out of 5 stars,/Safari-45L-21-OB-BLK/dp/B07BZ5VC4H
"Golden Wolf Laptop Bag,Business Anti Theft Backpack with Lock,Water Resistant College School Laptop Backpack with Rain Cover and USB Charging Port Earphone Port,Backpack Gifts for 15.6 inch Laptop 25 L Travel Bag For Women & Men, Dark Grey",4.4 out of 5 stars,/Hoteon-Backpack-Anti-Theft-Earphone-Resistant/dp/B08HM4TQZZ
Gear Classic 20L Faux Leather Water Resistant Anti Theft Laptop Bag/Backpack for Men/Women-Brown,4.0 out of 5 stars,/Gear-Classic-Leather-Backpack-LBPCLSLTH0201/dp/B07G4F6XFH
Afn Fashion 45 Ltrs Casual backpack/ office/ School Bag/Laptop Backpack for (15.6 inch) Blue,3.8 out of 5 stars,/AFN-FASHION-Casual-bagpack-Backpack/dp/B081X69ZL7
Gear ModernEco5 21L Water Resistant School Bag//Backpack/College Bag for Men/Women - Black Grey,4.1 out of 5 stars,/Gear-Black-Casual-Backpack-MDBKPECO50104/dp/B0757MBSS6
Bagneeds Men's Black Synthetic Leather Briefcase Best Laptop Messenger Bag Satchel for Men,4.2 out of 5 stars,/Bagneeds-Synthetic-Leather-Briefcase-Messenger/dp/B0855F8174
"Veneer Medium 20 L Laptop Backpack Men Womens Girls Fashion PU Leather Mini Casual Backpack Bags for School, College, Tuition, Office Bag (Black)",4.2 out of 5 stars,/Veneer-Backpack-Fashion-Leather-College/dp/B09BMG8R6Y
"Lenovo 15.6"" Professional Backpack, Made in India, Water-resistant,Uncompromised storage, Travel friendly:Fleece-lined PC compartment,Vented,Padded BackPanel & Adjustable shoulder straps,Luggage strap",4.1 out of 5 stars,/Lenovo-Professional-Backpack-Water-resistant-Uncompromised/dp/B08R7S55H4
AmazonBasics - Casual Backpack/Office Bag/ for a 15.6-inch Laptop,3.5 out of 5 stars,/AmazonBasics-Casual-Backpack-Office-15-6-inch/dp/B09W4VMZ79
SKY BAG NETWORK PRO 01 GREY POLYESTER 26L LAPTOP BACKPACK,4 Stars & Up,/NETWORK-GREY-POLYESTER-LAPTOP-BACKPACK/dp/B0B4DS5BDK
"Safari Spartan 21 Ltrs Water Resistant Backpack - Blue, S (SPARTAN19CBBLU)",3.9 out of 5 stars,/Safari-Spartan-Water-Resistant-Backpack/dp/B09B26MB5M
TRUE HUMAN Anti-Theft and USB Charging Port Backpack with Combination Lock Laptop Bag (Grey),3.8 out of 5 stars,/TRUE-HUMAN-Anti-Theft-charging-combination/dp/B09H7PK5ML
Half Moon Curiosity 35L Travel Laptop College School Backpack Water Resistant Slim Durable Fits 15.6 Inch Laptop Notebook with Rain cover (Navy Blue),3.8 out of 5 stars,/Half-Moon-Curiosity-Backpack-Resistant/dp/B09S3ZK3N1
Sfane Polyester 23 Cms Duffle Bag(BG - 05 HALF BLACK LT SHOE COMPTT_ Grey),4.3 out of 5 stars,/SFANE-Duffel-Shoulder-Women-Compartment/dp/B07XXFB9CZ
"TRUE HUMAN backpack with USB charging Port Laptop bag , office bag , college bag ( COOPER )",3.7 out of 5 stars,/TRUE-HUMAN-backpack-charging-college/dp/B0BKTQ48D5
Gear CarryOn 16L Foldable Water Resistant School Bag//Backpack/College Bag for Men/Women - Blue Black,4.5 out of 5 stars,/GEAR-Black-Blue-Backpack-years/dp/B019HA8AYG
Safari Seek 45 Ltrs Overnighter Expandable Travel Laptop Backpack,4.4 out of 5 stars,/Safari-45L-21-OB-BLK/dp/B07BZ5VC4H
"Golden Wolf Laptop Bag,Business Anti Theft Backpack with Lock,Water Resistant College School Laptop Backpack with Rain Cover and USB Charging Port Earphone Port,Backpack Gifts for 15.6 inch Laptop 25 L Travel Bag For Women & Men, Dark Grey",4.4 out of 5 stars,/Hoteon-Backpack-Anti-Theft-Earphone-Resistant/dp/B08HM4TQZZ
Gear Classic 20L Faux Leather Water Resistant Anti Theft Laptop Bag/Backpack for Men/Women-Brown,4.0 out of 5 stars,/Gear-Classic-Leather-Backpack-LBPCLSLTH0201/dp/B07G4F6XFH
Afn Fashion 45 Ltrs Casual backpack/ office/ School Bag/Laptop Backpack for (15.6 inch) Blue,3.8 out of 5 stars,/AFN-FASHION-Casual-bagpack-Backpack/dp/B081X69ZL7
Gear ModernEco5 21L Water Resistant School Bag//Backpack/College Bag for Men/Women - Black Grey,4.1 out of 5 stars,/Gear-Black-Casual-Backpack-MDBKPECO50104/dp/B0757MBSS6
Bagneeds Men's Black Synthetic Leather Briefcase Best Laptop Messenger Bag Satchel for Men,4.2 out of 5 stars,/Bagneeds-Synthetic-Leather-Briefcase-Messenger/dp/B0855F8174
"Veneer Medium 20 L Laptop Backpack Men Womens Girls Fashion PU Leather Mini Casual Backpack Bags for School, College, Tuition, Office Bag (Black)",4.2 out of 5 stars,/Veneer-Backpack-Fashion-Leather-College/dp/B09BMG8R6Y
"Lenovo 15.6"" Professional Backpack, Made in India, Water-resistant,Uncompromised storage, Travel friendly:Fleece-lined PC compartment,Vented,Padded BackPanel & Adjustable shoulder straps,Luggage strap",4.1 out of 5 stars,/Lenovo-Professional-Backpack-Water-resistant-Uncompromised/dp/B08R7S55H4
AmazonBasics - Casual Backpack/Office Bag/ for a 15.6-inch Laptop,3.5 out of 5 stars,/AmazonBasics-Casual-Backpack-Office-15-6-inch/dp/B09W4VMZ79
SKY BAG NETWORK PRO 01 GREY POLYESTER 26L LAPTOP BACKPACK,4 Stars & Up,/NETWORK-GREY-POLYESTER-LAPTOP-BACKPACK/dp/B0B4DS5BDK
Truvic Polyster Black Light Weight Laptop Bag 30 ltrs Laptop Backpack for Upto 15.6 inch Laptop (Black),3.4 out of 5 stars,/Aavishkar-Polyster-Weight-Laptop-Backpack/dp/B08DLL3794
Gear Aspire 30L Water Restant Office Laptop Bag/Backpack for Men/Women/(Black),4.4 out of 5 stars,/Gear-Black-Laptop-Backpack-LBPASPIRE0104/dp/B075MK4TXP
Gear Classic 20L Faux Leather Water Resistant Anti Theft Laptop Bag/Backpack for Men/Women-Black,4.4 out of 5 stars,/Gear-Classic-Leather-Backpack-LBPCLSLTH0101/dp/B07G4D13LB
Dybbuk Lightweight School Bags Backpacks for Boys Girls Stylish Men and Women Casual Travel Laptop Bag College Office,2.5 out of 5 stars,/Dybbuk-Lightweight-Backpacks-Stylish-College/dp/B0BCGWRTHT
"Wooum 65 Ltr Trekking Backpack for Outdoor Activities Sports Equipment Hiking Bag Climbing Backpack Rucksack Travel Bag Big Size, Blue",4.0 out of 5 stars,/Wooum-Trekking-Backpack-Activities-Equipment/dp/B08R94MB16
"Arctic Hunter Sling bag for men,Chest Bag for Men,Shoulder Bag for Men with Handle Crossbody Bag IPX6 Water-resistant Anti-theft Side Bag for Travel,Business,Black",4.8 out of 5 stars,/Shoulder-Crossbody-Water-resistant-Anti-theft-Business/dp/B0B6G2SQW9
"Kore K-ACE-3.0 Gym Bag with Carry Handels (Red/Black), L (ACE-3.0-RED)",3.2 out of 5 stars,/Kore-K-REGULAR-GYM-BAG-Regular-Gym-Bag/dp/B09VLK27NF
"diksharth Travel Toiletry Bag Cosmetic Bag with Hook for Travel, Makeup Organizer, Cosmetic Pouch, Household Grooming Kit, Makeup Bag ( Multicolor )",4.3 out of 5 stars,/diksharth-Toiletry-Organizer-Household-Multicolor/dp/B0BJQLVF2B
"Dell Pro Laptop Briefcase Messenger Bag with Handle & Detachable Shoulder Strap | PO1520C - for upto 15.6"" Laptop/Macbook | 3-in-1 use | 4 Zippered Spacious pockets | Durable Polyester Padded Fabric, for Men & Women (Black)",4.3 out of 5 stars,/Briefcase-Messenger-Detachable-Shoulder-PO1520C/dp/B0B6PF1L69
"Wesley Unisex Milestone Casual Waterproof Laptop Office School College Business Travel Backpack 25 L (Navy Blue, 30.5 x 12.7 x 47 cm)",5.0 out of 5 stars,/Wesley-Milestone-Waterproof-Backpack-Business/dp/B07K8KLB3P
Dybbuk Lightweight school bags Backpacks for Boys Girls Stylish men and women Casual Travel Laptop Bag College office,4.3 out of 5 stars,/Dybbuk-Lightweight-Backpacks-Stylish-College/dp/B0BJ26VMFT
"Wildcraft 45 Ltrs Grey and Orange Rucksack (8903338073864), Large",4.3 out of 5 stars,/Wildcraft-Ltrs-orange-Rucksack-8903338073864/dp/B01G5I8YLC
Mokobara The Transit Backpack Laptop Bag for Men and Women,3.3 out of 5 stars,/Mokobara-Transit-Backpack-Laptop-Women/dp/B09V7VCK25
Aristocrat Unisex Black Premium Poleyester Fabric 26L Laptop Bags,4.0 out of 5 stars,/Aristocrat-Unisex-Premium-Poleyester-Fabric/dp/B09ZV9MSFQ
Wooum Water Resisitance Sling Cross Body Bag/One Side Bag/Shoulder Bag/Office Business Messenger Bag/Money Bag for Men and Women - Blue,3.8 out of 5 stars,/Wooum-Resisitance-Shoulder-Business-Messenger/dp/B0993Q72WD
Skybags Brat 22L Red Polyester Casual backpack,4 Stars & Up,/Skybags-Brat-Polyester-Casual-backpack/dp/B0BBPPM33V
"Safari Flash Casual Backpack, 26 ltr Water Resistant Travel Bags, Black Light Weight Polyester Bagpack for Men and Women, Spacious Shoulder Bag for College, Office, Travelling and Camping.",3.8 out of 5 stars,/Safari-Backpack-Resistant-Polyester-Travelling/dp/B09B29F66W
"Artistix Business Class Series | Alpine Anti Theft Laptop Backpack (32 Litre, 15.6 inch) (Black)",4.4 out of 5 stars,/Artistix-Alpine-Laptop-Backpack-Business/dp/B08SVV5HZY
Wildcraft 35 Ltrs 18.5 cms Backpack (11911 Grey_Grey),4.1 out of 5 stars,/Wildcraft-Solid-Backpack-Grey-11911/dp/B07N1CM9QS
"uppercase Medium 17 Ltrs Vegan Leather (14.6 inch) Laptop Backpack 2300EBP1 3x more water repellent sustainable bags with rain proof zippers for Men, Women, Boys and Girls, 750 Days warranty (Blue)",4.2 out of 5 stars,/uppercase-Backpack-2300EBP1-repellent-sustainable/dp/B0B68Z3X7D
American Tourister Casual Backpack,4.1 out of 5 stars,/American-Tourister-AMT-SCH-BAG01/dp/B07CJCFNZG
70L Travel Backpack Hiking Bag Adventure Camping Trekking Bag Rucksack -70L,3.9 out of 5 stars,/Backpack-Adventure-Camping-Trekking-Rucksack/dp/B091SNKKB4
"Gym Shoulder Bag, Lightweight Duffle Bag Sports Bag Weekend Travel Barrel Bag (OliveGreen-Orange)",3.5 out of 5 stars,/Shoulder-Lightweight-Duffle-Weekend-OliveGreen-Orange/dp/B091395FR8
Lavie Women's Broxa Flap Over Sling Bag | Ladies Purse Handbag,4.2 out of 5 stars,/Lavie-Broxa-Womens-Sling-Navy/dp/B08KT1PR6Q
Gear Classic 20L Faux Leather Water Resistant Anti Theft Laptop Bag/Backpack for Men/Women-Tan,4.4 out of 5 stars,/Classic-Leather-Laptop-Backpack-LBPCLSLTH1901/dp/B07G4CYC74
Gear Campus8 25L Water Resistant School Bag/Backpack/College Bag for Men/Women - Green Grey,4.1 out of 5 stars,/Gear-Classic-Casual-Backpack-BKPCAMPS80304/dp/B019FBEJCO
"Motherly Diaper Bags for Mom Travel Basic Edition (Navy Blue,Pack of 1)",4.5 out of 5 stars,/Motherly-Diaper-Bags-Travel-Basic/dp/B07PKQ3WJZ
BEATLE NXT 01 LAPTOP BACKPACK (E) BLUE,3.6 out of 5 stars,/BEATLE-NXT-LAPTOP-BACKPACK-BLUE/dp/B0B3Y27TYX
"F Gear Blow Laptop Backpack With Rain Cover 32 Liters (Black,Grey) Sch Bag",4.3 out of 5 stars,/F-Gear-Blow-Laptop-Backpack/dp/B078J63VRY
POLICE HEDGE BACKPACK,4.0 out of 5 stars,/Police-Polyester-laptop-casual-backpack/dp/B09CQ5T3LN
Baggit Women Sling Bag (BLACK),4.2 out of 5 stars,/Baggit-Autumn-Leather-Handbag-Stencil/dp/B08WX9DFC2
HP 100 Lightweight Backpack for 15.6-inch Laptop with Elastic and Padded Shoulder Straps (Black),4.0 out of 5 stars,/HP-Lightweight-100-Black-Backpack/dp/B08CY1YXCK
Motherly Stylish Babies Diaper Bags for Mothers - Economical Version (Grey Pink),4.6 out of 5 stars,/Motherly-Stylish-Babies-Diaper-Mothers/dp/B07DMKJJB4
Half Moon 35 L Casual Water Resistant 15.6 inch Laptop Bag/Backpack for Men Women Boys Girls/Office School College Teens & Students with Rain Cover (Airport Blue),3.9 out of 5 stars,/Half-Moon-Resistant-Laptop-Backpack/dp/B09B68N8LT
"NISUN Stylish Nylon Small 7 Zipper Multi Pocket Sling Cross Body Travel Office Business Messenger One Side Shoulder Bag With Adjustable Straps For Men Women (Black & Grey,21x27x10.5 cm)",4.0 out of 5 stars,/NISUN-Zipper-Sling-Black-Grey/dp/B09BZNTFLX
Baggit Women's Sling bag (Olive),3.9 out of 5 stars,/Baggit-Womens-Satchel-Handbag-Green/dp/B098TJWT8K
"Aepigo Men's and Women's Sling Messenger Bag Leather Men Bag Casual Business Messenger Bag for Cross body Bag Male Shoulder Bags Leather Sling Messenger Bag (Brown, L- 10.05inch H- 11.5inch W- 3inch)",4.0 out of 5 stars,/Aepigo-Genuine-Leather-Messenger-10-5inch/dp/B0953Q6QVN
Wildcraft 44 Ltrs Casual Backpack (11629-Wolf_Black),4.3 out of 5 stars,/Wildcraft-Wolf_Blk-Casual-Backpack-11629-Wolf_Blk/dp/B079DDT65R
"Shalimar Large Capacity Travel Bag / Storage Bag / Move-in Bags/ Duffel Bag - Strong, Durable , Foldable and Water Resistant ( Pack of 1 ) ( Blue )",4.1 out of 5 stars,/Shalimar-Capacity-Travel-Storage-Duffel/dp/B09TPHFMX7
"Arctic Hunter Laptop Bag,Messenger bags for Men Laptop Sling Bag with Handle Laptop Briefcase for 15.6"" Laptop Multiple Pockets Water-resistant for Travel Office",5.0 out of 5 stars,/Messenger-Briefcase-Multiple-Pockets-Water-resistant/dp/B0B6G58BYC
Lino Perros Faux Leather Handbag,4.2 out of 5 stars,/Lino-Perros-Womens-Handbag-White/dp/B07L4PTRVQ
HP Lightweight 500 Laptop Backpack with Crafted Cable Pass Through and Padded Shoulder Straps,3.6 out of 5 stars,/HP-Lightweight-500-Black-Backpack/dp/B08DCXPCJ1
Wildcraft 44 cms Polyester Black Laptop Bag (8903338054290),4.4 out of 5 stars,/Wildcraft-Polyester-Black-Laptop-8903338054290/dp/B012D4QKHW
Gear Compact Business 18L Water Resistant Laptop Bag/Backpack/Office Bag for Men/Women - IndiaInk,4.3 out of 5 stars,/Gear-Compact-Business-Backpack-BUSCOMPACT052/dp/B08D76WDTV
"Storite PU Leather Latest Stylish Trendy Cross Body Messenger Bag for Girls Women and Men With Multi-Pocket Zip Closure (Dark Brown,26x6.5x28.5 CM)",4.1 out of 5 stars,/Storite-Stylish-Leather-Bag-26x6-5x26/dp/B09GFKGD3Q
Half Moon 34 L Casual Waterproof 15.6 inch Laptop Bag/Backpack for Men Women Boys Girls/Office School College Teens & Students with Rain Cover (Navy Blue),3.8 out of 5 stars,/Half-Moon-Waterproof-Laptop-Backpack/dp/B08XVRVTV5
"Amazon Brand - Solimo Rain & Dust Cover for Backpack (30 Litres, Black)",4.2 out of 5 stars,/Amazon-Brand-Solimo-Backpack-litres/dp/B07FQMN9VN
"AirCase Laptop Messenger Bag Case Cover Pouch for 13.3-Inch, 14-Inch, 15.6 -Inch Laptop Bag for Men & Women",3.9 out of 5 stars,/AirCase-C30-Messenger-Compartments-Multi-Pockets/dp/B07V47HHRG
Skybags Network Pro 26L Unisex Blue Laptop Bags,3.8 out of 5 stars,/Skybags-Network-Unisex-Blue-Laptop/dp/B0B4DTMVXY
"Arctic Hunter 28L Laptop Backpack for Men,15.6inch Slim Water Resistant & Anti-Theft College Backpack with USB Charging,Business,Office,Travel Bag,Black",4.1 out of 5 stars,/Backpack-15-6inch-Resistant-Anti-Theft-Charging/dp/B07TW713SC
Lavie Women's Nova Tote Bag | Ladies Purse Handbag,4.2 out of 5 stars,/Lavie-Spring-Summer-Womens-Tote/dp/B081KGGL8V
"AirCase C25 15.6 Inch Messenger Laptop Bag with Shoulder Strap, Water resistant, Handle and 2 Multi Utility Compartments (Black)",4.1 out of 5 stars,/AirCase-C25-Messenger-Shoulder-Compartments/dp/B07P42BHHT
ASTRID 17'' Black & white Textured Laptop Bag With Accessory Pouch,4.4 out of 5 stars,/ASTRID-Black-Textured-Laptop-Accessory/dp/B09Z2G37YY
"Storite Stylish Small PU Leather Sling Cross Body Travel Office One Side Shoulder Bag for Men Women (25 cm x 11 cm x 20 cm, Coffee Brown)",4.0 out of 5 stars,/Storite-Leather-Sling-Coffee-Brown/dp/B0983N9GXN
Skybags Unisex Black Jacqard 34L Laptop Bags,5.0 out of 5 stars,/Skybags-Unisex-Black-Jacqard-Laptop/dp/B09ZV81F6M
Zouk Women's Office Bag (multicolour),4.2 out of 5 stars,/Zouk-Womens-Office-Bag-multicolour/dp/B09L79TM6D
Zipline Office Laptop Vegan Leather Executive Formal 15.6 inch Laptop & MacBook Briefcase Messenger/Office/Travel/Business Bag for Men Women with Multiple compartments (Brown),4.3 out of 5 stars,/ZIPLINE-Synthetic-Executive-Briefcase-compartments/dp/B0756WRR9Z
Half Moon 36 ltrs Lightweight Waterproof Backpack for Boys Girls Men/Women College Office Laptop School Bags with Rain Cover,3.6 out of 5 stars,/Half-Moon-Lightweight-Waterproof-Laptop/dp/B08RS74SYB
SFANE Yoga Series Polyester Gym Bag/Duffle Bag for Men & Women with Shoe Compartment (Grey),4.4 out of 5 stars,/SFANE-Polyester-Duffle-Women-Compartment/dp/B08PD15TXH
Amazon Basics - Casual 21L  Laptop Backpack,4.5 out of 5 stars,/Amazon-Basics-Casual-Laptop-Backpack/dp/B09W4X977X
Red Lemon Swisslook Polyester Bange Series 45L 15.6-inch Laptop Bags Backpack for Men and Women Waterproof USB Anti Theft Travel Backpack,4.3 out of 5 stars,/Swisslook-Polyester-15-6-inch-Backpack-Waterproof/dp/B07XYTZP4Z
Wildcraft Turnaround Polyester 35 Ltrs Black Laptop Bag (8903338054696),4.2 out of 5 stars,/Wildcraft-Turnaround-Polyester-Laptop-8903338054696/dp/B012D518O6
Puma 24 Ltrs Limoges Laptop Backpack (7471402),3.9 out of 5 stars,/Puma-Limoges-Laptop-Backpack-7471402/dp/B072QF243M
Stylebags College School Office Laptop Backpack Bags,4 Stars & Up,/Stylebags-College-School-Office-Backpack/dp/B0BK473L9V
"Storite PU Leather Latest Stylish Trendy Cross Body Messenger Bag for Girls Women and Men With Multi-Pocket Zip Closure (Dark Brown,26x6.5x28.5 CM)",4.1 out of 5 stars,/Storite-Stylish-Leather-Bag-26x6-5x26/dp/B09GFKGD3Q
"uppercase Medium 17 Ltrs Vegan Leather (14.6 inch) Laptop Backpack 2300EBP1 3x more water repellent sustainable bags with rain proof zippers for Men, Women, Boys and Girls, 750 Days warranty (Green)",4.4 out of 5 stars,/uppercase-Backpack-2300EBP1-repellent-sustainable/dp/B0B69M182Q
Skybags Unisex Grey Gucci Fabric 17L Backpacks,4.5 out of 5 stars,/Skybags-Unisex-Gucci-Fabric-Backpacks/dp/B0B21YVR19
Gear Compact Business 18L Water Resistant Laptop Bag/Backpack/Office Bag for Men/Women-Black,4.3 out of 5 stars,/Gear-Compact-Business-Backpack-BUSCOMPACT001/dp/B08D73QVTD
Gear ECO 1 Black Orange Red Laptop Backpack,4.3 out of 5 stars,/Gear-Polyester-Laptop-Backpack-LBPECO1000109/dp/B012NW1H1I
TRAWOC 80L Travel Backpack for Outdoor Sport Camp Hiking Trekking Bag Camping Rucksack HK007 (Grey) 1 Year Warranty,4.4 out of 5 stars,/TRAWOC-Backpack-Trekking-Rucksack-Warranty/dp/B0847PGZZM
Okami Wolf ZenPack LITE Laptop Messenger Bag with USB Fast Charger,4.5 out of 5 stars,/Okami-Wolf-ZenPack-Unisex-adult-Charging/dp/B09PRH27MV
"LuvLap Baby Breast Milk Storage Bags (Pack of 50), BPA Free Disposable Milk Freezer Bags for Breast Feeding, Transparent",4.4 out of 5 stars,/Storage-Disposable-Freezer-Feeding-Transparent/dp/B099ZVTNCP
Asera Unicorn Sling Bags Shoulder Bag Hand Bag Purse for Kids Girls,4.4 out of 5 stars,/Asera-Unicorn-Sling-Shoulder-Purse/dp/B0845W95KV
"Blowzy Bags Men's Canvas, Polyester Waterproof Laptop Backpack (Grey)",3.5 out of 5 stars,/Blowzy-Bags-Polyester-Waterproof-Backpack/dp/B08WPLY6H3
"LuvLap Baby Breast Milk Storage Bags (Pack of 25), BPA Free Disposable Milk Freezer Bags for Breast Feeding, Transparent",4.4 out of 5 stars,/Storage-Disposable-Freezer-Feeding-Transparent/dp/B099ZZ57FT
Red Lemon Polyester Bange Series 15.6inch Laptop Bag for Men 35 LTR Capacity Daily Office Bag for Men and Women Black (1903),4.2 out of 5 stars,/Red-Lemon-Polyester-15-6-inch-Waterproof/dp/B07XYY2FW4
"Red Lemon Minimalist (Magna) Messenger Laptop Bag Waterproof Large Capacity Laptop Sleeve Handbag for Men and Women Notebook bag (Black) (14"")",3.7 out of 5 stars,/Red-Lemon-Minimalist-Messenger-Waterproof/dp/B09M764GRJ
Aristocrat Unisex Black Oxford Fabric 28.82L Laptop Bags,5.0 out of 5 stars,/Aristocrat-Unisex-Oxford-Fabric-28-82L/dp/B09ZV86P4S
Diggy Anti Theft Backpack with USB Charging Port 15.6 Inch Laptop Waterproof Casual Unisex Bag for School College Office Suitable for Men Women (grey),3.3 out of 5 stars,/Diggy-Backpack-Charging-Waterproof-Suitable/dp/B09N25XNKW
Caprese Women's Tote Bag (Brown),4.3 out of 5 stars,/Caprese-Womens-Tote-bag-Brown/dp/B09FT3MW7L
Caprese Women's Tote Bag (Brown),4.3 out of 5 stars,/Caprese-Womens-Tote-bag-Brown/dp/B09FT3MW7L
"Storite PU Leather 15.6 Inch Padded Laptop Shoulder Sling Office Business Organizer Messenger Travel Bag for Men & Women (Coffee Brown,39 x 30 x 9 cm)",3.9 out of 5 stars,/Storite-Laptop-Shoulder-Messenger-Bag/dp/B08WZ9KP7Q
Half Moon 35 L Casual Water Resistant 15.6 inch Laptop Bag/Backpack for Men Women Boys Girls/Office School with Rain Cover (Black),4.0 out of 5 stars,/Half-Moon-Resistant-Laptop-Backpack/dp/B09842K4RQ
"HOT DELIVERY BAGS Insulated and Waterproof Door Hanging Bag for Milk Sachets and Bottles Storage, Durable and Light Weight (Sea Green)",4.5 out of 5 stars,/HOT-DELIVERY-BAG-Insulated-waterproof/dp/B08VJ4VWGZ
"ZIPLINE Synthetic Leather Executive SMALL messenger bag for upto 13"" Laptop/Tablet for men women with multiple compartments (1-Brown Bag)",3.9 out of 5 stars,/Leatherette-Executive-messenger-multiple-compartments/dp/B099NM3GFZ
ZOUK Women's Messenger Bag (Beige),4.3 out of 5 stars,/Business-Shoulder-Leather-material-resistant/dp/B07MH9SL51
Wildcraft 31 Ltrs 18.50 inchs Backpack (11954 Blue_Blue),4.3 out of 5 stars,/Wildcraft-Music-Backpack-Blue-11954/dp/B07N2PDVX4
Dell Essential Backpack 15 (ES1520P),4.0 out of 5 stars,/Dell-Essential-Backpack-15-ES1520P/dp/B07TTCXHRH
"TRAWOC 60 Ltr Travel Backpack Hiking Trekking Rucksack Bag, 1 Year Warranty, Navy Blue",4.3 out of 5 stars,/NOVICZ-Navy-Blue-Rucksack-HK004-TRAWOC-NAVYBLUE/dp/B0796PGYKS
"Arctic Hunter Slim Laptop Backpack Fit 15.6 Inch Business Travel Bag with Luggage Strap, Water Resistant Backpack for Men & Woman",4.3 out of 5 stars,/Backpack-Business-Computer-Luggage-Resistant/dp/B084LBMKMT
Caprese Women's Tote Bag (Brown),4.3 out of 5 stars,/Caprese-Womens-Tote-bag-Brown/dp/B09FT3MW7L
"Storite PU Leather 15.6 Inch Padded Laptop Shoulder Sling Office Business Organizer Messenger Travel Bag for Men & Women (Coffee Brown,39 x 30 x 9 cm)",3.9 out of 5 stars,/Storite-Laptop-Shoulder-Messenger-Bag/dp/B08WZ9KP7Q
Half Moon 35 L Casual Water Resistant 15.6 inch Laptop Bag/Backpack for Men Women Boys Girls/Office School with Rain Cover (Black),4.0 out of 5 stars,/Half-Moon-Resistant-Laptop-Backpack/dp/B09842K4RQ
"HOT DELIVERY BAGS Insulated and Waterproof Door Hanging Bag for Milk Sachets and Bottles Storage, Durable and Light Weight (Sea Green)",4.5 out of 5 stars,/HOT-DELIVERY-BAG-Insulated-waterproof/dp/B08VJ4VWGZ
"ZIPLINE Synthetic Leather Executive SMALL messenger bag for upto 13"" Laptop/Tablet for men women with multiple compartments (1-Brown Bag)",3.9 out of 5 stars,/Leatherette-Executive-messenger-multiple-compartments/dp/B099NM3GFZ
ZOUK Women's Messenger Bag (Beige),4.3 out of 5 stars,/Business-Shoulder-Leather-material-resistant/dp/B07MH9SL51
Wildcraft 31 Ltrs 18.50 inchs Backpack (11954 Blue_Blue),4.3 out of 5 stars,/Wildcraft-Music-Backpack-Blue-11954/dp/B07N2PDVX4
Dell Essential Backpack 15 (ES1520P),4.0 out of 5 stars,/Dell-Essential-Backpack-15-ES1520P/dp/B07TTCXHRH
"TRAWOC 60 Ltr Travel Backpack Hiking Trekking Rucksack Bag, 1 Year Warranty, Navy Blue",4.3 out of 5 stars,/NOVICZ-Navy-Blue-Rucksack-HK004-TRAWOC-NAVYBLUE/dp/B0796PGYKS
"Arctic Hunter Slim Laptop Backpack Fit 15.6 Inch Business Travel Bag with Luggage Strap, Water Resistant Backpack for Men & Woman",4.3 out of 5 stars,/Backpack-Business-Computer-Luggage-Resistant/dp/B084LBMKMT
Cosmus Vogue Casual Laptop Backpack with USB Charger Port 44cm 26 Litre Grey College Bag,4.2 out of 5 stars,/Cosmus-Casual-Backpack-Charger-College/dp/B08D7D21FV
Skybags Unisex Grey Gucci Fabric 31L Laptop Bags,4.0 out of 5 stars,/Skybags-Unisex-Gucci-Fabric-Laptop/dp/B0B21W762F
Wooum Water Resistant Material Sling Bag/One Side Bag/Shoulder Bag/Messenger Bag/Office Messenger Bag/Travel Side Bag with 14.1 Inch Laptop Compartment -,4.0 out of 5 stars,/Wooum-Resistant-Material-Messenger-Compartment/dp/B09KV7Y3KL
SHRBI Multi-Functional Travel Bag Water Resistant Travel Foldable Pouch Bag Undergarments & Cloth Storage Organizer Travelling Suitcase Bag,4.6 out of 5 stars,/SHRBI-Multi-Functional-Resistant-Undergarments-Travelling/dp/B0844TV8T2
Wooum 15.6 Inch Laptop Bag Backpack Fashion Casual Student School Bag Computer Bag College Bag Office Bag Business Bag Unisex Travel Backpack - Water Resistance Material,4.0 out of 5 stars,/Backpack-Student-Business-backUnisex-Black-GreenZip/dp/B08R7PGL6W
"F Gear Blow Laptop Backpack With Rain Cover 32 Liters (Black,Grey) Sch Bag",4.3 out of 5 stars,/F-Gear-Blow-Laptop-Backpack/dp/B078J63VRY
Okami Wolf ZenPack Laptop Messenger Bag With USB Fast Charger and RFID Protection,4.3 out of 5 stars,/Okami-Wolf-ZenPack-Messenger-Protection/dp/B0B7521SSD
"Bennett™ Mystic 15.6 inch(39.6cm) Laptop Shoulder Messenger Sling Office Bag, Water Repellent Fabric for Men and Women (Grey)",4.0 out of 5 stars,/BennettTM-Mystic-Shoulder-Messenger-Repellent/dp/B09321GJXZ
Baggit Women's Satchel Handbag,3.8 out of 5 stars,/Baggit-Womens-Satchel-Handbag-Rust/dp/B09F3QFKR6
"Safari Crew Overnighter Backpack, 40 Ltr Water Resistant Travel Laptop Bag, Black Polyester Backpack for Men and Women, Spacious Shoulder Bag for Travelling and Camping",3.8 out of 5 stars,/Safari-Overnighter-Resistant-Polyester-Travelling/dp/B097JK3X9D
uppercase 19 Ltrs Medium (14.6 inch) Laptop Backpack 1800EBP1 Printed Compact 3x more water repellent sustainable bags with rain proof zippers (Blue),4.1 out of 5 stars,/uppercase-Backpack-1800EBP1-repellent-sustainable/dp/B0B9T7PD7T
Wildcraft Work Packs'18 21 Ltrs Black Laptop Backpack (Streak Plus),4.4 out of 5 stars,/Wildcraft-Packs18-Laptop-Backpack-Streak/dp/B07FC4D9B5
Half Moon 55 litres Travelling Laptop Bag/Rucksack Backpack for Luggage Travel Journey Trekking Hiking Bags for Men Women Boys and Girls with Laptop Compartment & Rain Cover,4.0 out of 5 stars,/Half-Moon-Travelling-Rucksack-Compartment/dp/B09WDGZ32L
Raj Collection Cute Kids Backpack Toddler Bag Plush Animal Cartoon Mini Travel Bag for Baby Girl Boy 1-6 Years (Pink Minnie) or Girlfriend/Birthday Gift/Boy/Girl,3.4 out of 5 stars,/Collection-Backpack-Toddler-Girlfriend-Birthday/dp/B09CTD98LR
Wooum Sling Cross Body Travel Office Business Messenger One Side Shoulder Pouch Bag Money Bag for Men and Women,4.2 out of 5 stars,/Wooum-Travel-Business-Messenger-Shoulder/dp/B09MWGV9PR
Wildcraft 31 Ltrs Blue Casual Backpack (11653-Blue),4.5 out of 5 stars,/Wildcraft-Ltrs-Casual-Backpack-11653-Blue/dp/B079Q46MRT
HP Odyssey Backpack for 15.6-inch Laptop (Grey/Green),4.5 out of 5 stars,/HP-Odyssey-Backpack-15-6-inch-Laptop/dp/B012K57MYE
Cosmus Vogue Casual Laptop Backpack with USB Charger Port 44cm 26 Litre Grey College Bag,4.2 out of 5 stars,/Cosmus-Casual-Backpack-Charger-College/dp/B08D7D21FV
Skybags Unisex Grey Gucci Fabric 31L Laptop Bags,4.0 out of 5 stars,/Skybags-Unisex-Gucci-Fabric-Laptop/dp/B0B21W762F
Wooum Water Resistant Material Sling Bag/One Side Bag/Shoulder Bag/Messenger Bag/Office Messenger Bag/Travel Side Bag with 14.1 Inch Laptop Compartment -,4.0 out of 5 stars,/Wooum-Resistant-Material-Messenger-Compartment/dp/B09KV7Y3KL
SHRBI Multi-Functional Travel Bag Water Resistant Travel Foldable Pouch Bag Undergarments & Cloth Storage Organizer Travelling Suitcase Bag,4.6 out of 5 stars,/SHRBI-Multi-Functional-Resistant-Undergarments-Travelling/dp/B0844TV8T2
Wooum 15.6 Inch Laptop Bag Backpack Fashion Casual Student School Bag Computer Bag College Bag Office Bag Business Bag Unisex Travel Backpack - Water Resistance Material,4.0 out of 5 stars,/Backpack-Student-Business-backUnisex-Black-GreenZip/dp/B08R7PGL6W
Okami Wolf ZenPack Laptop Messenger Bag With USB Fast Charger and RFID Protection,4.3 out of 5 stars,/Okami-Wolf-ZenPack-Messenger-Protection/dp/B0B7521SSD
"Bennett™ Mystic 15.6 inch(39.6cm) Laptop Shoulder Messenger Sling Office Bag, Water Repellent Fabric for Men and Women (Grey)",4.0 out of 5 stars,/BennettTM-Mystic-Shoulder-Messenger-Repellent/dp/B09321GJXZ
Baggit Women's Satchel Handbag,3.8 out of 5 stars,/Baggit-Womens-Satchel-Handbag-Rust/dp/B09F3QFKR6
"Safari Crew Overnighter Backpack, 40 Ltr Water Resistant Travel Laptop Bag, Black Polyester Backpack for Men and Women, Spacious Shoulder Bag for Travelling and Camping",3.8 out of 5 stars,/Safari-Overnighter-Resistant-Polyester-Travelling/dp/B097JK3X9D
uppercase 19 Ltrs Medium (14.6 inch) Laptop Backpack 1800EBP1 Printed Compact 3x more water repellent sustainable bags with rain proof zippers (Blue),4.1 out of 5 stars,/uppercase-Backpack-1800EBP1-repellent-sustainable/dp/B0B9T7PD7T
Wildcraft Work Packs'18 21 Ltrs Black Laptop Backpack (Streak Plus),4.4 out of 5 stars,/Wildcraft-Packs18-Laptop-Backpack-Streak/dp/B07FC4D9B5
Half Moon 55 litres Travelling Laptop Bag/Rucksack Backpack for Luggage Travel Journey Trekking Hiking Bags for Men Women Boys and Girls with Laptop Compartment & Rain Cover,4.0 out of 5 stars,/Half-Moon-Travelling-Rucksack-Compartment/dp/B09WDGZ32L
Raj Collection Cute Kids Backpack Toddler Bag Plush Animal Cartoon Mini Travel Bag for Baby Girl Boy 1-6 Years (Pink Minnie) or Girlfriend/Birthday Gift/Boy/Girl,3.4 out of 5 stars,/Collection-Backpack-Toddler-Girlfriend-Birthday/dp/B09CTD98LR
Wooum Sling Cross Body Travel Office Business Messenger One Side Shoulder Pouch Bag Money Bag for Men and Women,4.2 out of 5 stars,/Wooum-Travel-Business-Messenger-Shoulder/dp/B09MWGV9PR
Wildcraft 31 Ltrs Blue Casual Backpack (11653-Blue),4.5 out of 5 stars,/Wildcraft-Ltrs-Casual-Backpack-11653-Blue/dp/B079Q46MRT
HEROZ Hammer Unisex Nylon 45 L Travel Laptop Backpack Water Resistant Slim Durable Fits Up to 17.3 Inch Laptop Notebook (All) (Grey & Black),4.3 out of 5 stars,/HEROZ-Hammer-Durable-Travel-Laptop/dp/B07MGDFT9C
BEAUTY GIRLS By HOTSHOT || Small 15 Liter Girls bag ||Girls college bag || Girls school bag || Girls Tution bag || Girls backpack Waterproof School Bag,3.8 out of 5 stars,/BEAUTY-GIRLS-HOTSHOT-backpack-Waterproof/dp/B09J4XTPN7
SKYBAGS Boho with RAIN Cover Blue Casual Backpack 23L,4.4 out of 5 stars,/SKYBAGS-Boho-Cover-Casual-Backpack/dp/B08425KYZ5
Red Lemon Black Knight 28L Laptop Bag Backpack for Men college bag for men Casual Water-Resistant Laptop Backpack Fits upto 15.6 inch Laptops -Black,4.3 out of 5 stars,/Red-Lemon-Backpack-college-Water-Resistant/dp/B0BJ976Z1H
HEROZ Hammer Unisex Nylon 45 L Travel Laptop Backpack Water Resistant Slim Durable Fits Up to 17.3 Inch Laptop Notebook (All) (Grey & Navy Blue),4.3 out of 5 stars,/HEROZ-Hammer-Durable-Travel-Laptop/dp/B07MCRFH6N
Gear Parker 23L Water Resistant Anti Theft Laptop Bag/Backpack for Men/Women - Black,4.0 out of 5 stars,/Gear-Executive-Anti-Theft-Backpack-BKPPKREXE0101/dp/B097KCMQKG
ADISA 15.6 inch Laptop Backpack Office Bag College Travel Back Pack 32 Ltrs (z-Navy Blue),4.3 out of 5 stars,/ADISA-Laptop-Backpack-Office-College/dp/B09TPX22NF
SFANE Polyester Red Duffle Gym Bag/Shoulder Bag for Men & Women with Separate Shoe Compartment (Black) (Red),4.0 out of 5 stars,/SFANE-Polyester-Shoulder-Separate-Compartment/dp/B08KG7J7L5
Baggit Women Tote (BLACK),4.4 out of 5 stars,/Baggit-2127359-Womens-Totebag-Black/dp/B09MK118PG
"BeyBee Baby Diaper Nappy Changing Baby Diaper Bag/Baby Bag/Mummy Bag/Handbag Mama's Bag {Diaper Bag} (Dark Blue, One Size)",4.4 out of 5 stars,/Bey-Bee-Mamas-Diaper-Dark/dp/B01D785OJ8
Funk For Hire Women Printed White and Brown 15.6 inch Laptop Handbag Sling Bag,3.7 out of 5 stars,/Funk-Hire-Printed-Laptop-Handbag/dp/B09TPMQ4CQ
Caprese Women's Tote Bag (Plum),4.2 out of 5 stars,/Caprese-Womens-Tote-bag-Plum/dp/B09FT551TP
WILDCRAFT Maestro Plus Black Coated,3.7 out of 5 stars,/WILDCRAFT-Maestro-Plus-Black-Coated/dp/B07GNGG435
ZIPLINE Unisex Casual Polyester 36 L Backpack School Bag Women Men Boys Girls Children Daypack College Bag Book School Sports Bag,3.9 out of 5 stars,/Zipline-Nexa-Resistant-Bagpack-Backpack/dp/B08WQ668WJ
Wooum 15.6 Inch Laptop Bag Backpack Fashion Casual Student School Bag Computer Bag College Bag Office Bag Business Bag Unisex Travel Backpack - Water Resistance Material,4.2 out of 5 stars,/Backpack-Fashion-Student-Business-Black-RedZip/dp/B08R7N1N1W
Exotic hand bag for women,4 Stars & Up,/Exotic-hand-bag-women-Black/dp/B092S8632R
"BeyBee Baby Diaper Nappy Changing Baby Diaper Bag/Baby Bag/Mummy Bag/Handbag Mama's Bag {Diaper Bag} (Dark Blue, One Size)",4.4 out of 5 stars,/Bey-Bee-Mamas-Diaper-Dark/dp/B01D785OJ8
ZIPLINE Unisex Casual Polyester 36 L Backpack School Bag Women Men Boys Girls Children Daypack College Bag Book School Sports Bag,3.7 out of 5 stars,/Zipline-Nexa-Resistant-Bagpack-Backpack/dp/B08WQ668WJ
Exotic hand bag for women,4.2 out of 5 stars,/Exotic-hand-bag-women-Black/dp/B092S8632R
WILDCRAFT Maestro Plus Black Coated,4.2 out of 5 stars,/WILDCRAFT-Maestro-Plus-Black-Coated/dp/B07GNGG435
Wooum 15.6 Inch Laptop Bag Backpack Fashion Casual Student School Bag Computer Bag College Bag Office Bag Business Bag Unisex Travel Backpack - Water Resistance Material,3.9 out of 5 stars,/Backpack-Fashion-Student-Business-Black-RedZip/dp/B08R7N1N1W
Wildcraft 31 Ltrs 5 inches Backpack (11952-Blue_Blue),4.4 out of 5 stars,/Wildcraft-Wiki-Chips-Backpack-11952/dp/B07ZJ7P4Q6
wildcraft Work Packs'18 25 ltrs Black Laptop Backpack (ace),4.4 out of 5 stars,/Wildcraft-Packs18-Laptop-Backpack-ACE/dp/B07GNK6C98
GOCART WITH G LOGO Laptop Backpack Casual Daypacks Briefcase Convertible Business Travel Rucksack with USB Charging Port Large College School Bookbag Computer Laptop Bag,4.0 out of 5 stars,/GOCART-LOGO-Backpack-Briefcase-Convertible/dp/B0822H451W
WILDCRAFT Maestro Plus Navy Coated,4.4 out of 5 stars,/WILDCRAFT-Maestro-Plus-Navy-Coated/dp/B07GNLG5C2
"Aepigo Men's and Women's Sling Messenger Bag Leather Men Bag Casual Business Messenger Bag for Cross body Bag Male Shoulder Bags Leather Sling Messenger Bag (Brown, L- 10.05inch H- 11.5inch W- 3inch)",4.0 out of 5 stars,/Aepigo-Genuine-Leather-Messenger-10-5inch/dp/B0953Q6QVN
Dynotrek Zipper Royal Blue 14.6 Inch Laptop Sleeve Case Cover with Charger Pouch for Chromebook Mack Book Think-pad Tablet Men Women Portable Carrying Bag for Notebook Microsoft Surface Book,4.0 out of 5 stars,/Dynotrek-Chromebook-Think-pad-Portable-Microsoft/dp/B08YYXCMNS
Nike Kids' Youth Elemental Backpack-Fall'19,4.5 out of 5 stars,/NIKE-Youth-Elemental-Backpack-Fall19/dp/B07KQTFC9M
PQWATA Sport Duffle Bag Travel Bag Large Gym Tote Bag for Women Weekender Carry on for Airplane Ladies Beach Bag Overnight Waterproof Hospital Luggage with Wet Bag,4.0 out of 5 stars,/PQWATA-Weekender-Airplane-Overnight-Waterproof/dp/B0BC4FN4SR
"WALKENT 2 in 1 Laptop Bag & Multifunction Travelling Backpack (Model Duo, Colour Black) Ideal for Sales & Marketing Jobs - Waterproof, Multiple Carrying Positions for Men",4.2 out of 5 stars,/WALKENT-Multifunction-Travelling-Duo-Marketing/dp/B0BJ986NTC
"BagSource White Kraft Paper Shopping Bags, 16""x6""x12"", 25 Pieces",4.1 out of 5 stars,/16-x6-x12-Shopping-Mechandise/dp/B00L8FTIY0
Wildcraft 29 Ltrs Red Casual Backpack (11650-Red),4.1 out of 5 stars,/Wildcraft-Ltrs-Casual-Backpack-11650-Red/dp/B079DTDN1J
"Mi Step Out 12 L Mini Backpack (Small Size, Sky Blue, Water Repellant)",3.7 out of 5 stars,/Step-Backpack-Small-Water-Repellant/dp/B088X9M73T
HEROZ Hacker 50 litres Nylon Travel Laptop Backpack Water Resistant Slim Durable Computer Book Bag Tracking Fits Up to 17.3-inch Laptop (Grey & Mehdi Green),4.1 out of 5 stars,/HEROZ-Backpack-Resistant-Computer-17-3-inch/dp/B083NBRVCJ
Baggit Women's Sling Bag,4.3 out of 5 stars,/Baggit-2123474-Womens-Bag-LPXE_TROLL_E_DIEGO_MUD_YELLOW_L/dp/B0992CMS1N
Chumbak Flower Owl Sling Bag - Teal,4.1 out of 5 stars,/Chumbak-Womens-Flower-Canvas-Sling/dp/B08FRFFGDB
"DOUBLE R BAGS Eco Reusable Print Jute Cloth Shopping Bags for Daily use Market Carry Milk Grocery Fruits Vegetable Organizer Shopping Bag | Lunch Bag | Tiffin Bag | Jute Bag (Orange,Pack of 1)",4.2 out of 5 stars,/DOUBLE-BAGS-Reusable-Vegetable-Organizer/dp/B09SWXNHKK
HEROZ Hacker 50 litres Nylon Travel Laptop Backpack Water Resistant Slim Durable Computer Book Bag Tracking Fits Up to 17.3-inch Laptop (058- ALL) (Navy Blue),4 Stars & Up,/HEROZ-Backpack-Resistant-Computer-17-3-inch/dp/B083N3DCTM
Cosmus Agility Convertible Backpack Messenger Bag Shoulder bag Laptop Case Handbag Business Briefcase Multi-functional Travel Bag Fits 15.6 Inch Laptop,3 Stars & Up,/Convertible-Backpack-Messenger-Briefcase-Multi-Functional/dp/B07D1QHR6H
HEROZ Hacker 50 litres Nylon Travel Laptop Backpack Water Resistant Slim Durable Computer Book Bag Tracking Fits Up to 17.3-inch Laptop (058- All) (Grey & Black),4.1 out of 5 stars,/HEROZ-Backpack-Resistant-Computer-17-3-inch/dp/B083N2MVG7
"Skybags Arthur 30 L Laptop Backpack (Grey), Free Size (PLBPARTHGRY)",3.9 out of 5 stars,/Skybags-Arthur-Laptop-Backpack-Grey/dp/B07SRFGK6H
VEZELA Handbags for Women-Combo Pack of 4-Shoulder Bag Crossbody Bag Sling Bag Card Holder-Set of 4 Purse for Women-Golden,4.0 out of 5 stars,/VEZELA-Womens-Shoulder-Crossbody-Handbag/dp/B01MS1GRDW
Crocodile Krishiv PU Vegan Faux Leather Laptop Bags | Stylish Laptop Bag | Shoulder Sling Office Business Messenger for Men & Women,3.7 out of 5 stars,/Crocodile-KRISHIV-Shoulder-Business-Messenger/dp/B09MND262G
Probus Traveller Business Laptop Sleeve Sling Bag with Shoulder Strap for 13.3/15.6 inch Laptop,4.4 out of 5 stars,/Probus-Traveller-Business-Laptop-Sleeve/dp/B07NVB3R2H
PUMA PUMA Buzz Backpack,4.3 out of 5 stars,/Puma-Black-Casual-Backpack-7358101/dp/B00XZU9TSG
"Dyazo Slim Water Resistant Laptop Bag/Briefcase Compatible for Lenovo, Dell, Aser, HP, Ultrabook,11.6"" | 13.3 Inch | 15 Inc | 15.6 Inches Business Office Bag with Strap Women – Men (Grey)",3.8 out of 5 stars,/Dyazo-Resistant-Laptop-Protection-Professional/dp/B08W68Q6DL
Half Moon 35 L Casual Water Resistant 15.6 inch Laptop Bag/Backpack for Men Women Boys Girls/Office School with Rain Cover (Red),4.0 out of 5 stars,/Half-Moon-Resistant-Laptop-Backpack/dp/B0983ZCQZ3
Wildcraft WC 1 Broken Camo Backpack Orange (11909),3.9 out of 5 stars,/Wildcraft-Broken-Backpack-Orange-11909/dp/B07ZJ5LKLG
SKYBAGS Campus Plus XL RED College Laptop Backpack 33L,3.9 out of 5 stars,/SKYBAGS-Campus-College-Laptop-Backpack/dp/B08425TN29
"Zouk Unisex Ikat Blue Laptop Backpacks for Office , College and Travel| Fits upto 15.6 Inch Laptop",5.0 out of 5 stars,/Unisex-Laptop-Backpacks-Office-College/dp/B09W34GG2F
"Wildcraft Nylon 35 L Broken Camo Green Casual Backpack (Grey, H x W x D:46x32x24)",4.1 out of 5 stars,/Wildcraft-Nylon-Broken-Casual-Backpack/dp/B083ZSY54M
"Good Friends Blowzy Bags Laptop Messenger Bags for Men, Laptop Bags for Womens, Office Bags for Man, Laptop Briefcase, 15.6 inch Laptop Bag (Tan)",3.5 out of 5 stars,/GOOD-FRIENDS-Blowzy-Messenger-Briefcase/dp/B088LG4CYY
COSMUS WEBSTAR 45 CM LAPTOP BACKPACK 35 LTRS LARGE SCHOOL BAG / TRAVEL BAGPACK (GREY),4.2 out of 5 stars,/COSMUS-WEBSTAR-LAPTOP-BACKPACK-BAGPACK/dp/B08D7DFBYP
Red Lemon Monochrome 40L Laptop Bag Backpack for Men 2 Way Expandable Travel Laptop Backpack for men Casual Water-Resistant Backpack Fits upto 17 inch Laptops -Black,4.0 out of 5 stars,/Red-Lemon-Monochrome-Expandable-Water-Resistant/dp/B0BJ98W5GH
Fur Jaden 30L Black Laptop Backpack Bag with USB Charging Port and Anti Theft Backside Pocket for Men and Women,4 Stars & Up,/Jaden-Black-Laptop-Backpack-Charging/dp/B07RRJ7LQB
HEROZ Hacker 50 litres Nylon Travel Laptop Backpack Water Resistant Slim Durable Computer Book Bag Tracking Fits Up to 17.3-inch Laptop (058- All) (Grey & Black),4.1 out of 5 stars,/HEROZ-Backpack-Resistant-Computer-17-3-inch/dp/B083N2MVG7
"Skybags Arthur 30 L Laptop Backpack (Grey), Free Size (PLBPARTHGRY)",3.9 out of 5 stars,/Skybags-Arthur-Laptop-Backpack-Grey/dp/B07SRFGK6H
Crocodile Krishiv PU Vegan Faux Leather Laptop Bags | Stylish Laptop Bag | Shoulder Sling Office Business Messenger for Men & Women,3.7 out of 5 stars,/Crocodile-KRISHIV-Shoulder-Business-Messenger/dp/B09MND262G
"Red Lemon Premium London Executive Laptop Messenger Bag with Microfiber Leather for 15.6"" – Black",4.3 out of 5 stars,/Red-Lemon-Executive-Messenger-Microfiber/dp/B07MHZH3YS
Probus Traveller Business Laptop Sleeve Sling Bag with Shoulder Strap for 13.3/15.6 inch Laptop,4.4 out of 5 stars,/Probus-Traveller-Business-Laptop-Sleeve/dp/B07NVB3R2H
Tinytot School Bag School Backpack College Backpack Travel Backpack Office Backpack Multipurpose Backpack Picnic Bag for Boys & Girls,4.3 out of 5 stars,/Tinytot-School-Backpack-College-Multipurpose/dp/B0B6P18745
PUMA PUMA Buzz Backpack,4.3 out of 5 stars,/Puma-Black-Casual-Backpack-7358101/dp/B00XZU9TSG
"Dyazo Slim Water Resistant Laptop Bag/Briefcase Compatible for Lenovo, Dell, Aser, HP, Ultrabook,11.6"" | 13.3 Inch | 15 Inc | 15.6 Inches Business Office Bag with Strap Women – Men (Grey)",3.8 out of 5 stars,/Dyazo-Resistant-Laptop-Protection-Professional/dp/B08W68Q6DL
Half Moon 35 L Casual Water Resistant 15.6 inch Laptop Bag/Backpack for Men Women Boys Girls/Office School with Rain Cover (Red),4.0 out of 5 stars,/Half-Moon-Resistant-Laptop-Backpack/dp/B0983ZCQZ3
Skybags Riddle 2 Blue 45 Cms Casual Backpack,4.5 out of 5 stars,/Skybags-Riddle-Blue-Casual-Backpack/dp/B08Z298H44
Cosmus Sliden 38L Laptop Backpack With 2 Compartments,4.0 out of 5 stars,/Cosmus-Sliden-Laptop-Backpack-Compartments/dp/B09FLVC7N6
SKYBAGS Campus Plus XL RED College Laptop Backpack 33L,3.9 out of 5 stars,/SKYBAGS-Campus-College-Laptop-Backpack/dp/B08425TN29
CREEPER Women's Leather Large Capacity Shoulder Bags,3.8 out of 5 stars,/Creeper-Womens-Leather-Capacity-Shoulder/dp/B09HCWSDPB
"Good Friends Waterproof, Laptop College School Bag + Digital Watches Combo (Military +Green)",3.9 out of 5 stars,/Good-Friends-Waterproof-College-Military/dp/B082DK21NT
"Zouk Unisex Ikat Blue Laptop Backpacks for Office , College and Travel| Fits upto 15.6 Inch Laptop",5.0 out of 5 stars,/Unisex-Laptop-Backpacks-Office-College/dp/B09W34GG2F
"Good Friends Blowzy Bags Laptop Messenger Bags for Men, Laptop Bags for Womens, Office Bags for Man, Laptop Briefcase, 15.6 inch Laptop Bag (Tan)",3.5 out of 5 stars,/GOOD-FRIENDS-Blowzy-Messenger-Briefcase/dp/B088LG4CYY
CREEPER Women's Leather Large Capacity Shoulder Bags,3.8 out of 5 stars,/Creeper-Womens-Leather-Capacity-Shoulder/dp/B09HCWSDPB
Red Lemon Monochrome 40L Laptop Bag Backpack for Men 2 Way Expandable Travel Laptop Backpack for men Casual Water-Resistant Backpack Fits upto 17 inch Laptops -Black,4.0 out of 5 stars,/Red-Lemon-Monochrome-Expandable-Water-Resistant/dp/B0BJ98W5GH
Fur Jaden 30L Black Laptop Backpack Bag with USB Charging Port and Anti Theft Backside Pocket for Men and Women,4.4 out of 5 stars,/Jaden-Black-Laptop-Backpack-Charging/dp/B07RRJ7LQB
Necavu 100% cotton set of 6 fridge bag | Eco-friendly natural vegetables bags for fridge storage & mesh net vegetable bag fridge | Multi-purpose Eco-friendly cotton mesh bag (Berry Black),4.2 out of 5 stars,/Eco-friendly-natural-vegetables-vegetable-Multi-purpose/dp/B0B74TRLQY
"Tabelito® Casual Laptop Bag school bags for boys girls 15.6inch (39.6 cm) , 25 LTR Office & College bags for mens Water Repellent Backpack for Men & Women (BLACK)",4.0 out of 5 stars,/Tabelito-Laptop-Backpack-15-6-inch-Repellent/dp/B08Y5S6C2P
"Lavie Sport Lino Large Size Set of 2 Wheel Duffel Bag for Travel | 2 Wheel Luggage Bag | Travel Bag with Trolley (53 + 63 cms, Navy)",4.2 out of 5 stars,/Lavie-Sport-Unisex-Adult-Set-Navy/dp/B09D7KC4L8
uppercase 19 Ltrs Medium (14.6 inch) Laptop Backpack 1800EBP1 Printed Compact 3x more water repellent sustainable bags with rain proof zippers (Pink),4.3 out of 5 stars,/uppercase-Backpack-1800EBP1-repellent-sustainable/dp/B0B9T4YDPX
The Clownfish Water Resistant Polyester Unisex Business Travel Laptop Backpack Bag for Office College Business Travel for Laptop (Black),4.6 out of 5 stars,/Clownfish-Resistant-Polyester-Business-Backpack/dp/B09RQRYLDW
"Veneer Laptop Bag 15.6 Inch, Business Briefcase for Men Women, 15inch Water Resistant Messenger Shoulder Bag with Strap, Durable Office Bag, for Computer/Notebook/MacBook,Black (Grey)",4.1 out of 5 stars,/Veneer-Business-Briefcase-Resistant-Messenger/dp/B08Z619V6Z
ZIPLOC Polyester 42 Liters Waterproof Laptop Backpack/Office Bag/School Bag/College Bag/Business Bag/Unisex Travel Backpack ( Black ),4.1 out of 5 stars,/ZIPLOC-Polyester-Waterproof-Backpack-Business/dp/B099FFLQ5Q
HEROZ Hacker 50 litres Nylon Travel Laptop Backpack Water Resistant Slim Durable Computer Book Bag Tracking Fits Up to 17.3-inch Laptop (058- All) (Grey & Red),4.0 out of 5 stars,/HEROZ-Backpack-Resistant-Computer-17-3-inch/dp/B083N53TWB
"Puma Black Casual Backpack (7494701), x",4.5 out of 5 stars,/Puma-Black-Casual-Backpack-7494701/dp/B01LX7JMPJ
"Bennett Casual Laptop Bag school bags for boys girls 15.6-inch, 25 LTR Office & College bags for mens Water Repellent Backpack for Men & Women (GREY)",4.1 out of 5 stars,/Bennett-15-6-inch-College-Repellent-Backpack/dp/B09WZKHSDR
"B11 Women Handbag Covers Storage Bag dust Cover Large Size (Set of 6 Pcs) 18X22 Inch, Beige",3.8 out of 5 stars,/B11-Handbag-Storage-Anti-dust-Travelling/dp/B07GFTLNPQ
Lavie Women's Zarya Tote Bag | Ladies Purse Handbag,4 Stars & Up,/Lavie-Zarya-Womens-Tote-Dark/dp/B08KFRVK59
"AnyCraft Stylish Small backpack and sling bag set for ladies, school or college girl's combo of 3 ( Pink, 5L)",3 Stars & Up,/AnyCraft-Stylish-backpack-ladies-college/dp/B0991YB72T
"B11 Women Handbag Covers Storage Bag dust Cover Large Size (Set of 6 Pcs) 18X22 Inch, Beige",4.5 out of 5 stars,/B11-Handbag-Storage-Anti-dust-Travelling/dp/B07GFTLNPQ
Lavie Women's Zarya Tote Bag | Ladies Purse Handbag,4.1 out of 5 stars,/Lavie-Zarya-Womens-Tote-Dark/dp/B08KFRVK59
"AnyCraft Stylish Small backpack and sling bag set for ladies, school or college girl's combo of 3 ( Pink, 5L)",3.8 out of 5 stars,/AnyCraft-Stylish-backpack-ladies-college/dp/B0991YB72T
"Devagabond Rebond Pro 22 L Capacity Nylon Trendy Water-resistant Laptop Bag (Blue), 22 Ltrs",5.0 out of 5 stars,/Devagabond-Rebond-Pro-Capacity-Water-resistant/dp/B09BDHM5S5
Dybbuk Laptop Bag/College Bag/School Bag/Office Bag/Waterproof Bag/Travel Bag/Casual Backpack/Trending Backpack,4.0 out of 5 stars,/Dybbuk-College-Waterproof-Backpack-Trending/dp/B0BFJBYF49
Aristocrat Draw-Pack 26L Unisex Orange Laptop Bags,4.2 out of 5 stars,/Aristocrat-Draw-Pack-Unisex-Orange-Laptop/dp/B0B5YD727F
Cosmus Vogue Casual Laptop Backpack with USB Charger Port 46cm 26 Litre Navy College Bag,3.4 out of 5 stars,/Cosmus-Casual-Backpack-Charger-College/dp/B08D7D2ZFX
ASIAN Sling Bag for women - Handmade Bags for Females - Jute and Indian Fabric Slings - Side Bags for Mobile Phones and Wallets (Black),3.9 out of 5 stars,/ASIAN-Sling-Bag-women-Handmade/dp/B09SXRZ7FW
"Blowzy 15.6 Inch Laptop Backpack 40 LTR Large Bag pack for Men for Office, School Bag for Students",4.4 out of 5 stars,/Blowzy-Laptop-Backpack-Office-Students/dp/B0BHM27ZVR
DailyObjects Handmade Laptop Messenger Bag Upto 14 inch I Padded Laptop Compartment with Adjustable Strap I Extra Zip Compartments I Dimension : L-36.5 x W-7 x H-26 cm,4.0 out of 5 stars,/DailyObjects-Compact-Messenger-MacBook-Color-Black/dp/B07CYLPFHM
ivee international Laptop Messenger Bag Slim & Expandable Compatible with up to 15 15.6 16 Inch Case Bag for Handbag Multipurpose Computer Accessories Storage Bag (Brown),4.2 out of 5 stars,/international-Expandable-Compatible-Multipurpose-Accessories/dp/B09ZLJJQXT
The Clownfish Trident Series Laptop Briefcase 15.6 inch Laptop Bag Messenger Bag (Dark Brown),4.4 out of 5 stars,/Clownfish-Trident-Laptop-Briefcase-Messenger/dp/B079HZJTK2
"Osaka Pro Series-11 Waterproof DSLR Backpack Camera Bag, Lens Accessories Carry Case for Nikon, Canon, Olympus, Pentax & Others-Made in India",4 Stars & Up,/Osaka-Pro-Waterproof-Accessories-Others-Made/dp/B081Z1TVPQ
New Pattern Laptop Bag/Backpack Waterproof Black and Blue for School/College Guys by Szeentp,3 Stars & Up,/Pattern-Backpack-Waterproof-College-Szeentp/dp/B08ZJ7R8PZ
Wildcraft 44 Ltrs Blaze 3 Tiger Black Casual Backpack (12274_Tiger_Black)(HxWxD : 19x13.5x10.5)(inches),2 Stars & Up,/Wildcraft-Blaze-Casual-Backpack-12274_Tiger_Black/dp/B0836BN4X4
"METIN 15.6-inch Laptop Computer Briefcase,Water Resistant, Business Bag with Waterproof Zipper,Shoulder Bag Artificial Leather Handbag,Compatible with laptop MacBook Notebook,for Men/Women",1 Star & Up,/METIN-15-6-inch-Waterproof-Artificial-Compatible/dp/B0BBBQRL3T
The Clownfish Trident Series Laptop Briefcase 15.6 inch Laptop Bag Messenger Bag (Dark Brown),4.4 out of 5 stars,/Clownfish-Trident-Laptop-Briefcase-Messenger/dp/B079HZJTK2
"Osaka Pro Series-11 Waterproof DSLR Backpack Camera Bag, Lens Accessories Carry Case for Nikon, Canon, Olympus, Pentax & Others-Made in India",4.0 out of 5 stars,/Osaka-Pro-Waterproof-Accessories-Others-Made/dp/B081Z1TVPQ
New Pattern Laptop Bag/Backpack Waterproof Black and Blue for School/College Guys by Szeentp,4.2 out of 5 stars,/Pattern-Backpack-Waterproof-College-Szeentp/dp/B08ZJ7R8PZ
Mammon women's PU Leather sling bags (Brown),3.8 out of 5 stars,/Mammon-womens-Leather-sling-Brown/dp/B08LCMWNYX
"METIN 15.6-inch Laptop Computer Briefcase,Water Resistant, Business Bag with Waterproof Zipper,Shoulder Bag Artificial Leather Handbag,Compatible with laptop MacBook Notebook,for Men/Women",4.1 out of 5 stars,/METIN-15-6-inch-Waterproof-Artificial-Compatible/dp/B0BBBQRL3T
KILLER Polyester 29 Ltr Orange & Grey Laptop Backpack,4.3 out of 5 stars,/KILLER-Polyester-Orange-Laptop-Backpack/dp/B07B516P18
Baggit Women's MADICON Handbag,3.9 out of 5 stars,/Baggit-Women-Hobo-Handbag-YELLOW/dp/B09T77FDTP
ZOUK Laptop Bag and Chain Wallet Combo - for Upto 15.6 inch Laptop - Handmade Bags and Wallets for Women - Vegan Leather Bag Combo - WavBeach Print,3.5 out of 5 stars,/ZOUK-Laptop-Chain-Wallet-Combo/dp/B08KHCKD2Y
"XIVUMN Large Capacity Cosmetic Travel Bag, Women's Makeup Travel Bag Portable Leather Cosmetics Bag, Makeup Storage Bags with Handle and Divider, Wide Opening Cosmetic/Makeup Organizer Bags (Pink)",4.1 out of 5 stars,/XIVUMN-Capacity-Cosmetic-Cosmetics-Organizer/dp/B0BK922Y5N
Vismiintrend Stylish Vegan Leather Sling Crossbody Top Handle Bag Tote Handbag for Women | Woman Shoulder bag | Tassel | Gift for Her - Black Delight,4.0 out of 5 stars,/Vismiintrend-Handle-Handbag-Shoulder-Crossbody/dp/B08CZMSHP1
SKYBAGS Campus Navy Blue Logo Print College Laptop Backpack 30L,4.1 out of 5 stars,/SKYBAGS-Campus-College-Laptop-Backpack/dp/B0842582RV
"AD MART ™ Girls bags ||Girls college bags || Girls school bags || Girls Tuition bags || Girls Office || Casual Backpacks for Women // Stylish And Trendy Backpack || Water Resistant and Lightweight Bags,",4.3 out of 5 stars,/college-Backpacks-Backpack-Resistant-Lightweight/dp/B0BF514M3S
Van Heusen Women's Sling Bag (Wine),4 Stars & Up,/Van-Heusen-Womens-Sling-Wine/dp/B07STVZ6WT
SKYBAGS Campus Grey Logo Print College Laptop Backpack 30L,3 Stars & Up,/SKYBAGS-Campus-College-Laptop-Backpack/dp/B084258ZD8
15.6 inch Laptop Bag Backpack Fashion Rucksack Casual Student School Bag Computer Bag College Bag Office Bag Business Bag Unisex Travel Backpack,2 Stars & Up,/Backpack-Fashion-Rucksack-Computer-Business/dp/B0BKGTW32W
xcluma Baby Diaper Nappy Changing Baby Diaper Bag Mother Bag Mummy Bag Handbag (4 Pcs Set- Pink),1 Star & Up,/xcluma-Diaper-Changing-Mother-Handbag/dp/B07PFL5Z3W
"AD MART ™ Girls bags ||Girls college bags || Girls school bags || Girls Tuition bags || Girls Office || Casual Backpacks for Women // Stylish And Trendy Backpack || Water Resistant and Lightweight Bags,",4.2 out of 5 stars,/college-Backpacks-Backpack-Resistant-Lightweight/dp/B0BF514M3S
Gear Classic 25 ltrs Charcoal Grey and Grey Casual Backpack (BKPCAMPS83804),4.0 out of 5 stars,/Gear-Classic-Charcoal-Backpack-BKPCAMPS83804/dp/B015C716BW
Van Heusen Women's Sling Bag (Wine),4.1 out of 5 stars,/Van-Heusen-Womens-Sling-Wine/dp/B07STVZ6WT
Medium 30 L Laptop Backpack Waterproof Laptop Backpack for School Collage Office Travelling Bag (Blue),4.6 out of 5 stars,/Medium-Backpack-Waterproof-Collage-Travelling/dp/B0BGPGH6VM
15.6 inch Laptop Bag Backpack Fashion Rucksack Casual Student School Bag Computer Bag College Bag Office Bag Business Bag Unisex Travel Backpack,3.8 out of 5 stars,/Backpack-Fashion-Rucksack-Computer-Business/dp/B0BKGTW32W
Hidesign Limited Edition Women's Handbag,4.2 out of 5 stars,/Hidesign-Limited-Womens-Handbag-Marsala/dp/B0B87PMNZP
"United Colors of Benetton 19L Blue Laptop Backpack, Standard",3.8 out of 5 stars,/United-Colors-Benetton-Backpack-Standard/dp/B0943PPPPL
Gear Superior 16L Water Resistant School Bag//Backpack/College Bag for Men/Women-Black Grey,4.4 out of 5 stars,/Gear-Superior-Casual-Backpack-BKPSPRIOR0004/dp/B08GY328RG
"Safari Seek 32 Ltrs Overnighter Travel Laptop Backpack (Blue), Water Resistant Spacious Bag for Travelling and Camping, All-Purpose Bag for Business & Leisure",4.4 out of 5 stars,/Safari-Overnighter-Resistant-Travelling-All-Purpose/dp/B097JM98M1
LEADERACHI Women's Genuine Hunter Leather Shoulder Bag Laptop Briefcase Bag (Brown),4.1 out of 5 stars,/Leaderachi-100-Genuine-Leather-Shoulder-Handbag/dp/B01N36LNQ8
F Gear Burner Art Lthr Black 22 Ltrs Laptop Backpack (3344),4.3 out of 5 stars,/F-Gear-Burner-Art-Black-Laptop-Backpack/dp/B085QX7J7R
wildcraft Nylon 40 ltrs Black Laptop Bag (Trident XL 2_Black),4 Stars & Up,/Wildcraft-Laptop-Trident-XL-2_Black/dp/B019DWD8SQ
"Amazon Basics Laptop Backpack - 24L, Water Repellent and Wear Resistant, Melange Slub Grey",3 Stars & Up,/Amazon-Basics-Laptop-Backpack-Repellent/dp/B09W3XLDM2
Zouk Women's Handcrafted Pink Paisley Printed Office Bag and Sling Bag Combo| Office Bag| College Bag,2 Stars & Up,/Womens-Handcrafted-Paisley-Printed-College/dp/B09RQM79S4
"Blowzy 15.6 Inch Laptop Backpack 35 LTR Large Bag pack for Boys & Girls for Office, School, College Bag for Students",1 Star & Up,/Blowzy-Laptop-Backpack-College-Students/dp/B0BHM3DYD4
LEADERACHI Women's Genuine Hunter Leather Shoulder Bag Laptop Briefcase Bag (Brown),3.8 out of 5 stars,/Leaderachi-100-Genuine-Leather-Shoulder-Handbag/dp/B01N36LNQ8
F Gear Burner Art Lthr Black 22 Ltrs Laptop Backpack (3344),4.4 out of 5 stars,/F-Gear-Burner-Art-Black-Laptop-Backpack/dp/B085QX7J7R
wildcraft Nylon 40 ltrs Black Laptop Bag (Trident XL 2_Black),4.4 out of 5 stars,/Wildcraft-Laptop-Trident-XL-2_Black/dp/B019DWD8SQ
"Amazon Basics Laptop Backpack - 24L, Water Repellent and Wear Resistant, Melange Slub Grey",4.1 out of 5 stars,/Amazon-Basics-Laptop-Backpack-Repellent/dp/B09W3XLDM2
Zouk Women's Handcrafted Pink Paisley Printed Office Bag and Sling Bag Combo| Office Bag| College Bag,4.3 out of 5 stars,/Womens-Handcrafted-Paisley-Printed-College/dp/B09RQM79S4
"Blowzy 15.6 Inch Laptop Backpack 35 LTR Large Bag pack for Boys & Girls for Office, School, College Bag for Students",4.3 out of 5 stars,/Blowzy-Laptop-Backpack-College-Students/dp/B0BHM3DYD4
Wesley Milestone 15.6 inch 25 L Casual Waterproof Laptop Backpack/Office Bag/School Bag/College Bag/Business Bag/Unisex Travel Backpack,4.3 out of 5 stars,/Wesley-Milestone-Waterproof-Backpack-Business/dp/B07PLKV6D1
"House of Quirk Toiletry Bag Luxury Cute Travel Make Up Hanging Bag Makeup Bag Zipper Pouch for Women and Girls,Waterproof Cosmetic Bag (Silver)",4.0 out of 5 stars,/House-Quirk-Toiletry-Waterproof-Cosmetic/dp/B0B9KX4BSW
Gear Pleat Faux-Leather Messenger Sling Bag (Black) (MSGPLEAT00101),4.1 out of 5 stars,/Gear-Pleat-Faux-Leather-Messenger-MSGPLEAT00101/dp/B099Q2KXJ3
"BLUBAGS Waterproof,Laptop College School Bag for Boys+ Free Black Led",4.0 out of 5 stars,/BLUBAGS-Waterproof-Laptop-College-School/dp/B08283B9KC
Baggit Women's Sling Bag,3.0 out of 5 stars,/Baggit-2122507-Womens-Western-Red/dp/B0992C3BHD
"Ochron Diaper Bag for Mothers, Baby Bags and Maternity Bags for Mother and Baby. Diaper Bags for mom for Travel, Also a Stroller Bag and a Hand Bag. (Owl - Set of 1)",4.3 out of 5 stars,/Ochron-Diaper-Mothers-Maternity-Stroller/dp/B0BHHMDP6Y
"Safari 48 cms Black Formal/Office/Laptop Backpack with Anti-Theft, Lock, USB and RFID (VAULT19CBBLK)",3.9 out of 5 stars,/Safari-Formal-Backpack-Anti-Theft-VAULT19CBBLK/dp/B07XSTR69N
"Jukmen Mesh Bag, Washable Cotton Mesh Grogery Bags/Durable & Strong Fruit Vegetable Mesh Bags/resistance Storage Tote Bags for Garlics/Potatoes/Onions/Garbage Bag || 1 PCS",4 Stars & Up,/Jukmen-Washable-Vegetable-resistance-Potatoes/dp/B09LR4XYVK
Mokobara The Transit Backpack Laptop Bag for Men and Women,3 Stars & Up,/Mokobara-Transit-Backpack-Laptop-Private/dp/B09V7G6CTW
House of Quirk Makeup Bag Cosmetic Bag for Women Cosmetic Travel Makeup Bag Large Travel Toiletry Bag for Reusable Toiletry Bag - Blue,2 Stars & Up,/House-Quirk-Cosmetic-Toiletry-Reusable/dp/B095SF14FD
Lino Perros Faux Leather Handbag,4.2 out of 5 stars,/Lino-Perros-Womens-Tote-Grey/dp/B07JMS4JLS
"Ochron Diaper Bag for Mothers, Baby Bags and Maternity Bags for Mother and Baby. Diaper Bags for mom for Travel, Also a Stroller Bag and a Hand Bag. (Owl - Set of 1)",4 Stars & Up,/Ochron-Diaper-Mothers-Maternity-Stroller/dp/B0BHHMDP6Y
